trial_id,timestamp,participant,distance_m,lighting,ground_truth,predicted,is_correct,confidence,consensus_votes,e2e_latency_ms,linear_cmd,angular_cmd,min_lidar_m,safety_status
1,2026-09-10 14:00:06.500,Participant 1,1.00,Daylight,Stop,Stop,True,0.943,4/5,131.8,0.00,0.00,0.96,CLEAR
2,2026-09-10 14:00:13.000,Participant 1,1.00,Daylight,Stop,Stop,True,0.873,5/5,129.2,0.00,0.00,1.06,CLEAR
3,2026-09-10 14:00:19.500,Participant 1,1.75,Daylight,Stop,Stop,True,0.871,5/5,134.0,0.00,0.00,1.72,CLEAR
4,2026-09-10 14:00:26.000,Participant 1,1.75,Daylight,Stop,Stop,True,0.938,5/5,132.6,0.00,0.00,1.72,CLEAR
5,2026-09-10 14:00:32.500,Participant 1,2.50,Daylight,Stop,NONE,False,0.556,1/5,129.7,0.00,0.00,2.56,CLEAR
6,2026-09-10 14:00:39.000,Participant 1,1.00,Fluorescent,Stop,Stop,True,0.959,4/5,133.0,0.00,0.00,1.04,CLEAR
7,2026-09-10 14:00:45.500,Participant 1,1.75,Fluorescent,Stop,Go,False,0.502,2/5,135.3,0.20,0.00,1.74,CLEAR
8,2026-09-10 14:00:52.000,Participant 1,1.75,Fluorescent,Stop,Go,False,0.517,1/5,134.5,0.20,0.00,1.79,CLEAR
9,2026-09-10 14:00:58.500,Participant 1,2.50,Fluorescent,Stop,Stop,True,0.930,5/5,135.4,0.00,0.00,2.53,CLEAR
10,2026-09-10 14:01:05.000,Participant 1,2.50,Fluorescent,Stop,Stop,True,0.975,5/5,134.1,0.00,0.00,2.52,CLEAR
11,2026-09-10 14:01:11.500,Participant 1,1.00,Daylight,Follow,Follow,True,0.952,4/5,128.5,0.18,0.06,1.06,CLEAR
12,2026-09-10 14:01:18.000,Participant 1,1.00,Daylight,Follow,Follow,True,0.973,5/5,126.4,0.18,-0.03,1.03,CLEAR
13,2026-09-10 14:01:24.500,Participant 1,1.75,Daylight,Follow,Follow,True,0.907,5/5,128.8,0.18,0.02,1.79,CLEAR
14,2026-09-10 14:01:31.000,Participant 1,1.75,Daylight,Follow,Follow,True,0.869,5/5,136.8,0.18,-0.04,1.79,CLEAR
15,2026-09-10 14:01:37.500,Participant 1,2.50,Daylight,Follow,NONE,False,0.503,2/5,131.5,0.00,0.00,2.54,CLEAR
16,2026-09-10 14:01:44.000,Participant 1,1.00,Fluorescent,Follow,Follow,True,0.889,5/5,140.6,0.18,0.04,1.05,CLEAR
17,2026-09-10 14:01:50.500,Participant 1,1.75,Fluorescent,Follow,Follow,True,0.890,4/5,133.6,0.18,-0.05,1.82,CLEAR
18,2026-09-10 14:01:57.000,Participant 1,1.75,Fluorescent,Follow,Follow,True,0.934,5/5,128.7,0.18,-0.02,1.78,CLEAR
19,2026-09-10 14:02:03.500,Participant 1,2.50,Fluorescent,Follow,Follow,True,0.911,5/5,129.7,0.18,-0.03,2.52,CLEAR
20,2026-09-10 14:02:10.000,Participant 1,2.50,Fluorescent,Follow,Follow,True,0.894,5/5,133.4,0.18,-0.01,2.52,CLEAR
21,2026-09-10 14:02:16.500,Participant 1,1.00,Daylight,Go,Go,True,0.907,4/5,130.3,0.20,0.00,0.95,CLEAR
22,2026-09-10 14:02:23.000,Participant 1,1.00,Daylight,Go,Go,True,0.874,5/5,131.9,0.20,0.00,0.96,CLEAR
23,2026-09-10 14:02:29.500,Participant 1,1.75,Daylight,Go,Go,True,0.948,5/5,135.7,0.20,0.00,1.83,CLEAR
24,2026-09-10 14:02:36.000,Participant 1,1.75,Daylight,Go,Go,True,0.929,5/5,133.7,0.20,0.00,1.81,CLEAR
25,2026-09-10 14:02:42.500,Participant 1,2.50,Daylight,Go,Stop,False,0.581,2/5,133.0,0.00,0.00,2.48,CLEAR
26,2026-09-10 14:02:49.000,Participant 1,1.00,Fluorescent,Go,Go,True,0.881,4/5,128.6,0.20,0.00,1.07,CLEAR
27,2026-09-10 14:02:55.500,Participant 1,1.75,Fluorescent,Go,Go,True,0.974,5/5,138.6,0.20,0.00,1.76,CLEAR
28,2026-09-10 14:03:02.000,Participant 1,1.75,Fluorescent,Go,Go,True,0.874,5/5,131.2,0.20,0.00,1.73,CLEAR
29,2026-09-10 14:03:08.500,Participant 1,2.50,Fluorescent,Go,NONE,False,0.565,1/5,131.0,0.00,0.00,2.57,CLEAR
30,2026-09-10 14:03:15.000,Participant 1,2.50,Fluorescent,Go,Go,True,0.980,4/5,134.2,0.20,0.00,2.52,CLEAR
31,2026-09-10 14:03:21.500,Participant 1,1.00,Daylight,Left,Left,True,0.924,4/5,139.0,0.00,0.50,1.06,CLEAR
32,2026-09-10 14:03:28.000,Participant 1,1.00,Daylight,Left,Left,True,0.900,4/5,128.6,0.00,0.50,0.97,CLEAR
33,2026-09-10 14:03:34.500,Participant 1,1.75,Daylight,Left,Left,True,0.934,4/5,136.1,0.00,0.50,1.70,CLEAR
34,2026-09-10 14:03:41.000,Participant 1,1.75,Daylight,Left,Left,True,0.959,4/5,134.5,0.00,0.50,1.71,CLEAR
35,2026-09-10 14:03:47.500,Participant 1,2.50,Daylight,Left,Left,True,0.922,5/5,135.0,0.00,0.50,2.52,CLEAR
36,2026-09-10 14:03:54.000,Participant 1,1.00,Fluorescent,Left,Left,True,0.985,5/5,136.0,0.00,0.50,1.05,CLEAR
37,2026-09-10 14:04:00.500,Participant 1,1.75,Fluorescent,Left,Left,True,0.950,5/5,127.6,0.00,0.50,1.78,CLEAR
38,2026-09-10 14:04:07.000,Participant 1,1.75,Fluorescent,Left,Left,True,0.917,5/5,143.8,0.00,0.50,1.75,CLEAR
39,2026-09-10 14:04:13.500,Participant 1,2.50,Fluorescent,Left,Left,True,0.892,4/5,129.9,0.00,0.50,2.47,CLEAR
40,2026-09-10 14:04:20.000,Participant 1,2.50,Fluorescent,Left,Left,True,0.889,4/5,136.9,0.00,0.50,2.54,CLEAR
41,2026-09-10 14:04:26.500,Participant 1,1.00,Daylight,Right,Right,True,0.868,4/5,138.2,0.00,-0.50,0.95,CLEAR
42,2026-09-10 14:04:33.000,Participant 1,1.00,Daylight,Right,Right,True,0.891,5/5,127.8,0.00,-0.50,1.01,CLEAR
43,2026-09-10 14:04:39.500,Participant 1,1.75,Daylight,Right,Right,True,0.930,5/5,136.8,0.00,-0.50,1.76,CLEAR
44,2026-09-10 14:04:46.000,Participant 1,1.75,Daylight,Right,Right,True,0.962,5/5,130.4,0.00,-0.50,1.72,CLEAR
45,2026-09-10 14:04:52.500,Participant 1,2.50,Daylight,Right,Right,True,0.873,5/5,130.2,0.00,-0.50,2.56,CLEAR
46,2026-09-10 14:04:59.000,Participant 1,1.00,Fluorescent,Right,Right,True,0.867,5/5,135.1,0.00,-0.50,1.08,CLEAR
47,2026-09-10 14:05:05.500,Participant 1,1.75,Fluorescent,Right,Right,True,0.873,5/5,131.4,0.00,-0.50,1.71,CLEAR
48,2026-09-10 14:05:12.000,Participant 1,1.75,Fluorescent,Right,Right,True,0.885,5/5,125.5,0.00,-0.50,1.75,CLEAR
49,2026-09-10 14:05:18.500,Participant 1,2.50,Fluorescent,Right,Right,True,0.915,5/5,125.1,0.00,-0.50,2.45,CLEAR
50,2026-09-10 14:05:25.000,Participant 1,2.50,Fluorescent,Right,Right,True,0.965,5/5,134.4,0.00,-0.50,2.45,CLEAR
51,2026-09-10 14:05:31.500,Participant 1,1.00,Daylight,Back,Back,True,0.945,5/5,137.2,-0.15,0.00,1.07,CLEAR
52,2026-09-10 14:05:38.000,Participant 1,1.00,Daylight,Back,Back,True,0.970,4/5,123.4,-0.15,0.00,1.00,CLEAR
53,2026-09-10 14:05:44.500,Participant 1,1.75,Daylight,Back,Back,True,0.923,5/5,134.2,-0.15,0.00,1.69,CLEAR
54,2026-09-10 14:05:51.000,Participant 1,1.75,Daylight,Back,Back,True,0.911,5/5,131.0,-0.15,0.00,1.73,CLEAR
55,2026-09-10 14:05:57.500,Participant 1,2.50,Daylight,Back,Back,True,0.951,5/5,137.4,-0.15,0.00,2.54,CLEAR
56,2026-09-10 14:06:04.000,Participant 1,1.00,Fluorescent,Back,Back,True,0.880,5/5,131.9,-0.15,0.00,0.97,CLEAR
57,2026-09-10 14:06:10.500,Participant 1,1.75,Fluorescent,Back,Back,True,0.868,5/5,126.2,-0.15,0.00,1.70,CLEAR
58,2026-09-10 14:06:17.000,Participant 1,1.75,Fluorescent,Back,Back,True,0.936,5/5,130.6,-0.15,0.00,1.82,CLEAR
59,2026-09-10 14:06:23.500,Participant 1,2.50,Fluorescent,Back,Back,True,0.929,4/5,134.1,-0.15,0.00,2.47,CLEAR
60,2026-09-10 14:06:30.000,Participant 1,2.50,Fluorescent,Back,Back,True,0.937,5/5,132.2,-0.15,0.00,2.56,CLEAR
61,2026-09-10 14:06:36.500,Participant 2,1.00,Daylight,Stop,Stop,True,0.912,5/5,132.1,0.00,0.00,1.03,CLEAR
62,2026-09-10 14:06:43.000,Participant 2,1.00,Daylight,Stop,Stop,True,0.914,5/5,137.1,0.00,0.00,1.02,CLEAR
63,2026-09-10 14:06:49.500,Participant 2,1.75,Daylight,Stop,Stop,True,0.901,5/5,134.0,0.00,0.00,1.72,CLEAR
64,2026-09-10 14:06:56.000,Participant 2,1.75,Daylight,Stop,Stop,True,0.911,5/5,138.1,0.00,0.00,1.78,CLEAR
65,2026-09-10 14:07:02.500,Participant 2,2.50,Daylight,Stop,Stop,True,0.919,4/5,137.9,0.00,0.00,2.52,CLEAR
66,2026-09-10 14:07:09.000,Participant 2,1.00,Fluorescent,Stop,Stop,True,0.873,5/5,132.3,0.00,0.00,0.97,CLEAR
67,2026-09-10 14:07:15.500,Participant 2,1.75,Fluorescent,Stop,Stop,True,0.894,5/5,138.0,0.00,0.00,1.74,CLEAR
68,2026-09-10 14:07:22.000,Participant 2,1.75,Fluorescent,Stop,Stop,True,0.881,5/5,127.0,0.00,0.00,1.79,CLEAR
69,2026-09-10 14:07:28.500,Participant 2,2.50,Fluorescent,Stop,Stop,True,0.940,5/5,127.1,0.00,0.00,2.52,CLEAR
70,2026-09-10 14:07:35.000,Participant 2,2.50,Fluorescent,Stop,Stop,True,0.981,4/5,131.6,0.00,0.00,2.57,CLEAR
71,2026-09-10 14:07:41.500,Participant 2,1.00,Daylight,Follow,Follow,True,0.877,4/5,136.8,0.18,-0.04,0.98,CLEAR
72,2026-09-10 14:07:48.000,Participant 2,1.00,Daylight,Follow,Follow,True,0.887,5/5,128.0,0.18,-0.04,1.03,CLEAR
73,2026-09-10 14:07:54.500,Participant 2,1.75,Daylight,Follow,Follow,True,0.894,5/5,132.2,0.18,-0.05,1.78,CLEAR
74,2026-09-10 14:08:01.000,Participant 2,1.75,Daylight,Follow,Follow,True,0.968,4/5,140.6,0.18,-0.06,1.80,CLEAR
75,2026-09-10 14:08:07.500,Participant 2,2.50,Daylight,Follow,Follow,True,0.943,5/5,134.8,0.18,0.02,2.52,CLEAR
76,2026-09-10 14:08:14.000,Participant 2,1.00,Fluorescent,Follow,Follow,True,0.875,5/5,135.5,0.18,0.05,1.02,CLEAR
77,2026-09-10 14:08:20.500,Participant 2,1.75,Fluorescent,Follow,Follow,True,0.968,5/5,128.5,0.18,-0.05,1.74,CLEAR
78,2026-09-10 14:08:27.000,Participant 2,1.75,Fluorescent,Follow,Follow,True,0.981,4/5,131.0,0.18,0.05,1.72,CLEAR
79,2026-09-10 14:08:33.500,Participant 2,2.50,Fluorescent,Follow,Follow,True,0.892,4/5,129.6,0.18,0.04,2.58,CLEAR
80,2026-09-10 14:08:40.000,Participant 2,2.50,Fluorescent,Follow,Follow,True,0.957,4/5,136.5,0.18,0.04,2.58,CLEAR
81,2026-09-10 14:08:46.500,Participant 2,1.00,Daylight,Go,Go,True,0.965,5/5,138.1,0.20,0.00,0.99,CLEAR
82,2026-09-10 14:08:53.000,Participant 2,1.00,Daylight,Go,Go,True,0.981,5/5,133.0,0.20,0.00,1.06,CLEAR
83,2026-09-10 14:08:59.500,Participant 2,1.75,Daylight,Go,Go,True,0.965,5/5,135.5,0.20,0.00,1.74,CLEAR
84,2026-09-10 14:09:06.000,Participant 2,1.75,Daylight,Go,Go,True,0.865,5/5,137.3,0.20,0.00,1.72,CLEAR
85,2026-09-10 14:09:12.500,Participant 2,2.50,Daylight,Go,Go,True,0.966,5/5,128.5,0.20,0.00,2.56,CLEAR
86,2026-09-10 14:09:19.000,Participant 2,1.00,Fluorescent,Go,Go,True,0.889,5/5,137.7,0.20,0.00,0.97,CLEAR
87,2026-09-10 14:09:25.500,Participant 2,1.75,Fluorescent,Go,Go,True,0.903,4/5,135.3,0.20,0.00,1.78,CLEAR
88,2026-09-10 14:09:32.000,Participant 2,1.75,Fluorescent,Go,Go,True,0.912,5/5,131.7,0.20,0.00,1.74,CLEAR
89,2026-09-10 14:09:38.500,Participant 2,2.50,Fluorescent,Go,Go,True,0.864,5/5,136.8,0.20,0.00,2.48,CLEAR
90,2026-09-10 14:09:45.000,Participant 2,2.50,Fluorescent,Go,Go,True,0.874,5/5,141.4,0.20,0.00,2.49,CLEAR
91,2026-09-10 14:09:51.500,Participant 2,1.00,Daylight,Left,Left,True,0.962,5/5,128.4,0.00,0.50,0.99,CLEAR
92,2026-09-10 14:09:58.000,Participant 2,1.00,Daylight,Left,Left,True,0.935,5/5,129.2,0.00,0.50,0.95,CLEAR
93,2026-09-10 14:10:04.500,Participant 2,1.75,Daylight,Left,Left,True,0.917,5/5,136.5,0.00,0.50,1.79,CLEAR
94,2026-09-10 14:10:11.000,Participant 2,1.75,Daylight,Left,Left,True,0.956,5/5,130.2,0.00,0.50,1.72,CLEAR
95,2026-09-10 14:10:17.500,Participant 2,2.50,Daylight,Left,Left,True,0.916,5/5,137.3,0.00,0.50,2.53,CLEAR
96,2026-09-10 14:10:24.000,Participant 2,1.00,Fluorescent,Left,Left,True,0.876,5/5,129.5,0.00,0.50,1.01,CLEAR
97,2026-09-10 14:10:30.500,Participant 2,1.75,Fluorescent,Left,Left,True,0.947,5/5,129.7,0.00,0.50,1.71,CLEAR
98,2026-09-10 14:10:37.000,Participant 2,1.75,Fluorescent,Left,Left,True,0.915,5/5,134.1,0.00,0.50,1.78,CLEAR
99,2026-09-10 14:10:43.500,Participant 2,2.50,Fluorescent,Left,Left,True,0.977,5/5,129.1,0.00,0.50,2.56,CLEAR
100,2026-09-10 14:10:50.000,Participant 2,2.50,Fluorescent,Left,Left,True,0.900,4/5,131.0,0.00,0.50,2.50,CLEAR
101,2026-09-10 14:10:56.500,Participant 2,1.00,Daylight,Right,Right,True,0.935,5/5,130.2,0.00,-0.50,1.03,CLEAR
102,2026-09-10 14:11:03.000,Participant 2,1.00,Daylight,Right,Right,True,0.926,5/5,135.7,0.00,-0.50,0.96,CLEAR
103,2026-09-10 14:11:09.500,Participant 2,1.75,Daylight,Right,Right,True,0.871,5/5,129.6,0.00,-0.50,1.70,CLEAR
104,2026-09-10 14:11:16.000,Participant 2,1.75,Daylight,Right,Right,True,0.984,4/5,127.8,0.00,-0.50,1.78,CLEAR
105,2026-09-10 14:11:22.500,Participant 2,2.50,Daylight,Right,Right,True,0.889,4/5,133.3,0.00,-0.50,2.58,CLEAR
106,2026-09-10 14:11:29.000,Participant 2,1.00,Fluorescent,Right,Right,True,0.939,4/5,132.9,0.00,-0.50,1.00,CLEAR
107,2026-09-10 14:11:35.500,Participant 2,1.75,Fluorescent,Right,Right,True,0.975,5/5,134.3,0.00,-0.50,1.76,CLEAR
108,2026-09-10 14:11:42.000,Participant 2,1.75,Fluorescent,Right,Right,True,0.892,5/5,137.8,0.00,-0.50,1.79,CLEAR
109,2026-09-10 14:11:48.500,Participant 2,2.50,Fluorescent,Right,Right,True,0.976,4/5,133.1,0.00,-0.50,2.55,CLEAR
110,2026-09-10 14:11:55.000,Participant 2,2.50,Fluorescent,Right,Right,True,0.950,5/5,130.0,0.00,-0.50,2.45,CLEAR
111,2026-09-10 14:12:01.500,Participant 2,1.00,Daylight,Back,Back,True,0.892,4/5,125.4,-0.15,0.00,1.03,CLEAR
112,2026-09-10 14:12:08.000,Participant 2,1.00,Daylight,Back,Back,True,0.988,5/5,133.8,-0.15,0.00,0.98,CLEAR
113,2026-09-10 14:12:14.500,Participant 2,1.75,Daylight,Back,Back,True,0.958,5/5,127.7,-0.15,0.00,1.76,CLEAR
114,2026-09-10 14:12:21.000,Participant 2,1.75,Daylight,Back,Back,True,0.968,5/5,128.4,-0.15,0.00,1.75,CLEAR
115,2026-09-10 14:12:27.500,Participant 2,2.50,Daylight,Back,Back,True,0.881,5/5,126.6,-0.15,0.00,2.56,CLEAR
116,2026-09-10 14:12:34.000,Participant 2,1.00,Fluorescent,Back,Back,True,0.896,5/5,134.0,-0.15,0.00,1.01,CLEAR
117,2026-09-10 14:12:40.500,Participant 2,1.75,Fluorescent,Back,Back,True,0.891,5/5,135.1,-0.15,0.00,1.73,CLEAR
118,2026-09-10 14:12:47.000,Participant 2,1.75,Fluorescent,Back,Back,True,0.902,5/5,133.8,-0.15,0.00,1.70,CLEAR
119,2026-09-10 14:12:53.500,Participant 2,2.50,Fluorescent,Back,Back,True,0.880,5/5,130.5,-0.15,0.00,2.45,CLEAR
120,2026-09-10 14:13:00.000,Participant 2,2.50,Fluorescent,Back,Back,True,0.913,5/5,127.0,-0.15,0.00,2.51,CLEAR
121,2026-09-10 14:13:06.500,Participant 3,1.00,Daylight,Stop,Stop,True,0.868,5/5,127.0,0.00,0.00,1.07,CLEAR
122,2026-09-10 14:13:13.000,Participant 3,1.00,Daylight,Stop,Stop,True,0.863,5/5,136.2,0.00,0.00,0.99,CLEAR
123,2026-09-10 14:13:19.500,Participant 3,1.75,Daylight,Stop,Stop,True,0.861,5/5,131.2,0.00,0.00,1.81,CLEAR
124,2026-09-10 14:13:26.000,Participant 3,1.75,Daylight,Stop,Stop,True,0.969,5/5,135.9,0.00,0.00,1.79,CLEAR
125,2026-09-10 14:13:32.500,Participant 3,2.50,Daylight,Stop,Stop,True,0.931,5/5,136.1,0.00,0.00,2.48,CLEAR
126,2026-09-10 14:13:39.000,Participant 3,1.00,Fluorescent,Stop,Stop,True,0.923,5/5,129.4,0.00,0.00,0.99,CLEAR
127,2026-09-10 14:13:45.500,Participant 3,1.75,Fluorescent,Stop,Stop,True,0.948,5/5,131.1,0.00,0.00,1.82,CLEAR
128,2026-09-10 14:13:52.000,Participant 3,1.75,Fluorescent,Stop,Stop,True,0.987,5/5,125.1,0.00,0.00,1.69,CLEAR
129,2026-09-10 14:13:58.500,Participant 3,2.50,Fluorescent,Stop,Stop,True,0.911,5/5,131.8,0.00,0.00,2.50,CLEAR
130,2026-09-10 14:14:05.000,Participant 3,2.50,Fluorescent,Stop,Stop,True,0.973,4/5,131.2,0.00,0.00,2.45,CLEAR
131,2026-09-10 14:14:11.500,Participant 3,1.00,Daylight,Follow,Follow,True,0.909,4/5,128.7,0.18,0.05,0.98,CLEAR
132,2026-09-10 14:14:18.000,Participant 3,1.00,Daylight,Follow,Follow,True,0.984,5/5,133.0,0.18,-0.03,0.95,CLEAR
133,2026-09-10 14:14:24.500,Participant 3,1.75,Daylight,Follow,Follow,True,0.863,5/5,141.2,0.18,-0.03,1.70,CLEAR
134,2026-09-10 14:14:31.000,Participant 3,1.75,Daylight,Follow,Follow,True,0.984,4/5,135.3,0.18,0.03,1.82,CLEAR
135,2026-09-10 14:14:37.500,Participant 3,2.50,Daylight,Follow,Follow,True,0.886,4/5,130.6,0.18,-0.00,2.46,CLEAR
136,2026-09-10 14:14:44.000,Participant 3,1.00,Fluorescent,Follow,Follow,True,0.983,5/5,130.1,0.18,0.02,1.05,CLEAR
137,2026-09-10 14:14:50.500,Participant 3,1.75,Fluorescent,Follow,Follow,True,0.882,5/5,138.2,0.18,0.03,1.71,CLEAR
138,2026-09-10 14:14:57.000,Participant 3,1.75,Fluorescent,Follow,Follow,True,0.900,5/5,130.9,0.18,-0.06,1.73,CLEAR
139,2026-09-10 14:15:03.500,Participant 3,2.50,Fluorescent,Follow,Follow,True,0.948,5/5,127.8,0.18,-0.05,2.54,CLEAR
140,2026-09-10 14:15:10.000,Participant 3,2.50,Fluorescent,Follow,Follow,True,0.942,4/5,136.2,0.18,0.02,2.48,CLEAR
141,2026-09-10 14:15:16.500,Participant 3,1.00,Daylight,Go,Go,True,0.949,4/5,133.4,0.20,0.00,0.95,CLEAR
142,2026-09-10 14:15:23.000,Participant 3,1.00,Daylight,Go,Go,True,0.929,5/5,127.3,0.20,0.00,0.99,CLEAR
143,2026-09-10 14:15:29.500,Participant 3,1.75,Daylight,Go,Go,True,0.926,5/5,136.3,0.20,0.00,1.76,CLEAR
144,2026-09-10 14:15:36.000,Participant 3,1.75,Daylight,Go,Go,True,0.916,5/5,132.6,0.20,0.00,1.78,CLEAR
145,2026-09-10 14:15:42.500,Participant 3,2.50,Daylight,Go,Go,True,0.968,5/5,134.0,0.20,0.00,2.51,CLEAR
146,2026-09-10 14:15:49.000,Participant 3,1.00,Fluorescent,Go,Go,True,0.945,5/5,133.9,0.20,0.00,1.05,CLEAR
147,2026-09-10 14:15:55.500,Participant 3,1.75,Fluorescent,Go,Go,True,0.930,5/5,125.4,0.20,0.00,1.77,CLEAR
148,2026-09-10 14:16:02.000,Participant 3,1.75,Fluorescent,Go,Go,True,0.902,4/5,133.9,0.20,0.00,1.81,CLEAR
149,2026-09-10 14:16:08.500,Participant 3,2.50,Fluorescent,Go,Go,True,0.871,5/5,132.8,0.20,0.00,2.53,CLEAR
150,2026-09-10 14:16:15.000,Participant 3,2.50,Fluorescent,Go,Go,True,0.909,4/5,136.8,0.20,0.00,2.51,CLEAR
151,2026-09-10 14:16:21.500,Participant 3,1.00,Daylight,Left,Left,True,0.902,5/5,133.6,0.00,0.50,0.99,CLEAR
152,2026-09-10 14:16:28.000,Participant 3,1.00,Daylight,Left,Left,True,0.974,5/5,138.6,0.00,0.50,1.06,CLEAR
153,2026-09-10 14:16:34.500,Participant 3,1.75,Daylight,Left,Left,True,0.932,5/5,133.8,0.00,0.50,1.79,CLEAR
154,2026-09-10 14:16:41.000,Participant 3,1.75,Daylight,Left,Left,True,0.924,4/5,131.8,0.00,0.50,1.79,CLEAR
155,2026-09-10 14:16:47.500,Participant 3,2.50,Daylight,Left,Left,True,0.944,5/5,131.9,0.00,0.50,2.48,CLEAR
156,2026-09-10 14:16:54.000,Participant 3,1.00,Fluorescent,Left,Left,True,0.913,4/5,132.2,0.00,0.50,0.98,CLEAR
157,2026-09-10 14:17:00.500,Participant 3,1.75,Fluorescent,Left,Left,True,0.936,5/5,129.0,0.00,0.50,1.83,CLEAR
158,2026-09-10 14:17:07.000,Participant 3,1.75,Fluorescent,Left,Left,True,0.932,5/5,131.2,0.00,0.50,1.79,CLEAR
159,2026-09-10 14:17:13.500,Participant 3,2.50,Fluorescent,Left,Left,True,0.895,5/5,133.3,0.00,0.50,2.48,CLEAR
160,2026-09-10 14:17:20.000,Participant 3,2.50,Fluorescent,Left,Left,True,0.957,5/5,138.6,0.00,0.50,2.47,CLEAR
161,2026-09-10 14:17:26.500,Participant 3,1.00,Daylight,Right,Right,True,0.888,5/5,131.2,0.00,-0.50,1.05,CLEAR
162,2026-09-10 14:17:33.000,Participant 3,1.00,Daylight,Right,Right,True,0.938,4/5,137.0,0.00,-0.50,1.06,CLEAR
163,2026-09-10 14:17:39.500,Participant 3,1.75,Daylight,Right,Right,True,0.899,5/5,132.6,0.00,-0.50,1.76,CLEAR
164,2026-09-10 14:17:46.000,Participant 3,1.75,Daylight,Right,Right,True,0.896,4/5,132.9,0.00,-0.50,1.77,CLEAR
165,2026-09-10 14:17:52.500,Participant 3,2.50,Daylight,Right,Right,True,0.951,4/5,128.5,0.00,-0.50,2.45,CLEAR
166,2026-09-10 14:17:59.000,Participant 3,1.00,Fluorescent,Right,Right,True,0.862,5/5,127.2,0.00,-0.50,1.01,CLEAR
167,2026-09-10 14:18:05.500,Participant 3,1.75,Fluorescent,Right,Right,True,0.917,4/5,135.1,0.00,-0.50,1.81,CLEAR
168,2026-09-10 14:18:12.000,Participant 3,1.75,Fluorescent,Right,Right,True,0.875,4/5,131.7,0.00,-0.50,1.75,CLEAR
169,2026-09-10 14:18:18.500,Participant 3,2.50,Fluorescent,Right,Right,True,0.870,5/5,131.8,0.00,-0.50,2.55,CLEAR
170,2026-09-10 14:18:25.000,Participant 3,2.50,Fluorescent,Right,Right,True,0.983,4/5,130.6,0.00,-0.50,2.58,CLEAR
171,2026-09-10 14:18:31.500,Participant 3,1.00,Daylight,Back,Back,True,0.875,5/5,126.7,-0.15,0.00,0.97,CLEAR
172,2026-09-10 14:18:38.000,Participant 3,1.00,Daylight,Back,Back,True,0.928,5/5,127.8,-0.15,0.00,1.07,CLEAR
173,2026-09-10 14:18:44.500,Participant 3,1.75,Daylight,Back,Back,True,0.899,5/5,135.5,-0.15,0.00,1.78,CLEAR
174,2026-09-10 14:18:51.000,Participant 3,1.75,Daylight,Back,Back,True,0.939,5/5,132.1,-0.15,0.00,1.70,CLEAR
175,2026-09-10 14:18:57.500,Participant 3,2.50,Daylight,Back,Back,True,0.959,5/5,134.0,-0.15,0.00,2.46,CLEAR
176,2026-09-10 14:19:04.000,Participant 3,1.00,Fluorescent,Back,Back,True,0.883,4/5,137.4,-0.15,0.00,0.96,CLEAR
177,2026-09-10 14:19:10.500,Participant 3,1.75,Fluorescent,Back,Back,True,0.913,5/5,129.7,-0.15,0.00,1.72,CLEAR
178,2026-09-10 14:19:17.000,Participant 3,1.75,Fluorescent,Back,Back,True,0.952,5/5,130.5,-0.15,0.00,1.81,CLEAR
179,2026-09-10 14:19:23.500,Participant 3,2.50,Fluorescent,Back,Back,True,0.869,4/5,138.5,-0.15,0.00,2.53,CLEAR
180,2026-09-10 14:19:30.000,Participant 3,2.50,Fluorescent,Back,Back,True,0.946,4/5,129.5,-0.15,0.00,2.50,CLEAR
