x0,y0,x1,y1,x2,y2,x3,y3,x4,y4,x5,y5,x6,y6,x7,y7,x8,y8,x9,y9,x10,y10,x11,y11,x12,y12,x13,y13,x14,y14
0.48771,0.53908,0.4899,0.53594,0.49105,0.53035,0.49157,0.52754,0.49324,0.52272,0.48896,0.70081,0.49336,0.70698,0.49778,0.71114,0.49704,0.71284,0.49465,0.71473,0.4911,0.71575,0.483,0.71774,0.48535,0.71805,0.48873,0.71801,0.49024,0.71899
0.49157,0.52754,0.49324,0.52272,0.48896,0.70081,0.49336,0.70698,0.49778,0.71114,0.49704,0.71284,0.49465,0.71473,0.4911,0.71575,0.483,0.71774,0.48535,0.71805,0.48873,0.71801,0.49024,0.71899,0.49092,0.71906,0.49044,0.71816,0.49338,0.71659
0.49336,0.70698,0.49778,0.71114,0.49704,0.71284,0.49465,0.71473,0.4911,0.71575,0.483,0.71774,0.48535,0.71805,0.48873,0.71801,0.49024,0.71899,0.49092,0.71906,0.49044,0.71816,0.49338,0.71659,0.49341,0.71529,0.49888,0.7129,0.50153,0.71044
0.49465,0.71473,0.4911,0.71575,0.483,0.71774,0.48535,0.71805,0.48873,0.71801,0.49024,0.71899,0.49092,0.71906,0.49044,0.71816,0.49338,0.71659,0.49341,0.71529,0.49888,0.7129,0.50153,0.71044,0.49357,0.70689,0.49029,0.69952,0.47801,0.69345
0.48535,0.71805,0.48873,0.71801,0.49024,0.71899,0.49092,0.71906,0.49044,0.71816,0.49338,0.71659,0.49341,0.71529,0.49888,0.7129,0.50153,0.71044,0.49357,0.70689,0.49029,0.69952,0.47801,0.69345,0.46998,0.68011,0.46468,0.6729,0.46394,0.66264
0.49092,0.71906,0.49044,0.71816,0.49338,0.71659,0.49341,0.71529,0.49888,0.7129,0.50153,0.71044,0.49357,0.70689,0.49029,0.69952,0.47801,0.69345,0.46998,0.68011,0.46468,0.6729,0.46394,0.66264,0.45936,0.64962,0.43873,0.63854,0.41462,0.6237
0.49341,0.71529,0.49888,0.7129,0.50153,0.71044,0.49357,0.70689,0.49029,0.69952,0.47801,0.69345,0.46998,0.68011,0.46468,0.6729,0.46394,0.66264,0.45936,0.64962,0.43873,0.63854,0.41462,0.6237,0.4085,0.60766,0.39248,0.58862,0.37911,0.57447
0.50434,0.49845,0.45032,0.5,0.52197,0.49867,0.63705,0.50237,0.64195,0.49955,0.61551,0.49966,0.63027,0.4992,0.53201,0.49857,0.51623,0.49899,0.48288,0.50015,0.46764,0.49997,0.45023,0.51996,0.43063,0.53399,0.41303,0.54956,0.39379,0.55784
0.63705,0.50237,0.64195,0.49955,0.61551,0.49966,0.63027,0.4992,0.53201,0.49857,0.51623,0.49899,0.48288,0.50015,0.46764,0.49997,0.45023,0.51996,0.43063,0.53399,0.41303,0.54956,0.39379,0.55784,0.37769,0.56058,0.36751,0.5757,0.35929,0.59026
0.63027,0.4992,0.53201,0.49857,0.51623,0.49899,0.48288,0.50015,0.46764,0.49997,0.45023,0.51996,0.43063,0.53399,0.41303,0.54956,0.39379,0.55784,0.37769,0.56058,0.36751,0.5757,0.35929,0.59026,0.35279,0.59805,0.34844,0.60598,0.33954,0.61436
0.48288,0.50015,0.46764,0.49997,0.45023,0.51996,0.43063,0.53399,0.41303,0.54956,0.39379,0.55784,0.37769,0.56058,0.36751,0.5757,0.35929,0.59026,0.35279,0.59805,0.34844,0.60598,0.33954,0.61436,0.32232,0.61879,0.31404,0.63899,0.29944,0.62844
0.43063,0.53399,0.41303,0.54956,0.39379,0.55784,0.37769,0.56058,0.36751,0.5757,0.35929,0.59026,0.35279,0.59805,0.34844,0.60598,0.33954,0.61436,0.32232,0.61879,0.31404,0.63899,0.29944,0.62844,0.29416,0.64053,0.2942,0.66157,0.31547,0.66306
0.37769,0.56058,0.36751,0.5757,0.35929,0.59026,0.35279,0.59805,0.34844,0.60598,0.33954,0.61436,0.32232,0.61879,0.31404,0.63899,0.29944,0.62844,0.29416,0.64053,0.2942,0.66157,0.31547,0.66306,0.35097,0.66461,0.37669,0.66867,0.39319,0.6786
0.35279,0.59805,0.34844,0.60598,0.33954,0.61436,0.32232,0.61879,0.31404,0.63899,0.29944,0.62844,0.29416,0.64053,0.2942,0.66157,0.31547,0.66306,0.35097,0.66461,0.37669,0.66867,0.39319,0.6786,0.40456,0.68315,0.43965,0.69077,0.45817,0.69523
0.32232,0.61879,0.31404,0.63899,0.29944,0.62844,0.29416,0.64053,0.2942,0.66157,0.31547,0.66306,0.35097,0.66461,0.37669,0.66867,0.39319,0.6786,0.40456,0.68315,0.43965,0.69077,0.45817,0.69523,0.48082,0.69898,0.48761,0.69958,0.50823,0.70425
0.29416,0.64053,0.2942,0.66157,0.31547,0.66306,0.35097,0.66461,0.37669,0.66867,0.39319,0.6786,0.40456,0.68315,0.43965,0.69077,0.45817,0.69523,0.48082,0.69898,0.48761,0.69958,0.50823,0.70425,0.5131,0.70777,0.50561,0.70852,0.50325,0.70827
0.35097,0.66461,0.37669,0.66867,0.39319,0.6786,0.40456,0.68315,0.43965,0.69077,0.45817,0.69523,0.48082,0.69898,0.48761,0.69958,0.50823,0.70425,0.5131,0.70777,0.50561,0.70852,0.50325,0.70827,0.50127,0.70183,0.50269,0.69322,0.50581,0.68779
0.40456,0.68315,0.43965,0.69077,0.45817,0.69523,0.48082,0.69898,0.48761,0.69958,0.50823,0.70425,0.5131,0.70777,0.50561,0.70852,0.50325,0.70827,0.50127,0.70183,0.50269,0.69322,0.50581,0.68779,0.51058,0.68053,0.51502,0.67294,0.51991,0.66027
0.48082,0.69898,0.48761,0.69958,0.50823,0.70425,0.5131,0.70777,0.50561,0.70852,0.50325,0.70827,0.50127,0.70183,0.50269,0.69322,0.50581,0.68779,0.51058,0.68053,0.51502,0.67294,0.51991,0.66027,0.52102,0.64788,0.51992,0.63681,0.51681,0.62456
0.5131,0.70777,0.50561,0.70852,0.50325,0.70827,0.50127,0.70183,0.50269,0.69322,0.50581,0.68779,0.51058,0.68053,0.51502,0.67294,0.51991,0.66027,0.52102,0.64788,0.51992,0.63681,0.51681,0.62456,0.51664,0.60385,0.51792,0.58736,0.52984,0.57287
0.50127,0.70183,0.50269,0.69322,0.50581,0.68779,0.51058,0.68053,0.51502,0.67294,0.51991,0.66027,0.52102,0.64788,0.51992,0.63681,0.51681,0.62456,0.51664,0.60385,0.51792,0.58736,0.52984,0.57287,0.54383,0.55372,0.55741,0.53144,0.56474,0.51683
0.51058,0.68053,0.51502,0.67294,0.51991,0.66027,0.52102,0.64788,0.51992,0.63681,0.51681,0.62456,0.51664,0.60385,0.51792,0.58736,0.52984,0.57287,0.54383,0.55372,0.55741,0.53144,0.56474,0.51683,0.5741,0.49971,0.58041,0.49842,0.59954,0.49752
0.52102,0.64788,0.51992,0.63681,0.51681,0.62456,0.51664,0.60385,0.51792,0.58736,0.52984,0.57287,0.54383,0.55372,0.55741,0.53144,0.56474,0.51683,0.5741,0.49971,0.58041,0.49842,0.59954,0.49752,0.63569,0.49693,0.66286,0.49795,0.67177,0.49788
0.35186,0.61948,0.37998,0.62812,0.399,0.63245,0.41407,0.63968,0.45005,0.64563,0.47906,0.65106,0.48614,0.65756,0.48341,0.66581,0.48913,0.67059,0.50535,0.67312,0.51261,0.67966,0.51978,0.68653,0.52143,0.69334,0.52056,0.69778,0.52773,0.70271
0.41407,0.63968,0.45005,0.64563,0.47906,0.65106,0.48614,0.65756,0.48341,0.66581,0.48913,0.67059,0.50535,0.67312,0.51261,0.67966,0.51978,0.68653,0.52143,0.69334,0.52056,0.69778,0.52773,0.70271,0.53698,0.70465,0.54041,0.70672,0.5394,0.71164
0.48614,0.65756,0.48341,0.66581,0.48913,0.67059,0.50535,0.67312,0.51261,0.67966,0.51978,0.68653,0.52143,0.69334,0.52056,0.69778,0.52773,0.70271,0.53698,0.70465,0.54041,0.70672,0.5394,0.71164,0.53829,0.71494,0.53479,0.71577,0.52848,0.71719
0.50535,0.67312,0.51261,0.67966,0.51978,0.68653,0.52143,0.69334,0.52056,0.69778,0.52773,0.70271,0.53698,0.70465,0.54041,0.70672,0.5394,0.71164,0.53829,0.71494,0.53479,0.71577,0.52848,0.71719,0.5181,0.71241,0.51288,0.71075,0.50919,0.70721
0.52143,0.69334,0.52056,0.69778,0.52773,0.70271,0.53698,0.70465,0.54041,0.70672,0.5394,0.71164,0.53829,0.71494,0.53479,0.71577,0.52848,0.71719,0.5181,0.71241,0.51288,0.71075,0.50919,0.70721,0.50366,0.7049,0.49593,0.70107,0.48887,0.69681
0.53698,0.70465,0.54041,0.70672,0.5394,0.71164,0.53829,0.71494,0.53479,0.71577,0.52848,0.71719,0.5181,0.71241,0.51288,0.71075,0.50919,0.70721,0.50366,0.7049,0.49593,0.70107,0.48887,0.69681,0.4913,0.69056,0.49231,0.68442,0.48783,0.67624
0.53829,0.71494,0.53479,0.71577,0.52848,0.71719,0.5181,0.71241,0.51288,0.71075,0.50919,0.70721,0.50366,0.7049,0.49593,0.70107,0.48887,0.69681,0.4913,0.69056,0.49231,0.68442,0.48783,0.67624,0.47978,0.67375,0.46561,0.66973,0.44412,0.66302
0.5181,0.71241,0.51288,0.71075,0.50919,0.70721,0.50366,0.7049,0.49593,0.70107,0.48887,0.69681,0.4913,0.69056,0.49231,0.68442,0.48783,0.67624,0.47978,0.67375,0.46561,0.66973,0.44412,0.66302,0.43925,0.65433,0.41187,0.65132,0.39021,0.64354
0.50366,0.7049,0.49593,0.70107,0.48887,0.69681,0.4913,0.69056,0.49231,0.68442,0.48783,0.67624,0.47978,0.67375,0.46561,0.66973,0.44412,0.66302,0.43925,0.65433,0.41187,0.65132,0.39021,0.64354,0.37131,0.63519,0.36176,0.62399,0.34616,0.61627
0.29493,0.5047,0.30639,0.50548,0.36791,0.49381,0.43701,0.49311,0.43854,0.49732,0.43129,0.49861,0.43231,0.49616,0.49158,0.49621,0.58507,0.49886,0.62314,0.4992,0.58878,0.49697,0.59861,0.4986,0.61676,0.4971,0.77162,0.49871,0.83749,0.49969
0.51729,0.49641,0.47135,0.49962,0.46021,0.49678,0.44896,0.49723,0.4531,0.4959,0.45558,0.50032,0.45351,0.50492,0.44799,0.52282,0.44002,0.54141,0.43097,0.56173,0.42779,0.57032,0.42105,0.57964,0.40542,0.58743,0.4003,0.59653,0.37876,0.60385
0.44896,0.49723,0.4531,0.4959,0.45558,0.50032,0.45351,0.50492,0.44799,0.52282,0.44002,0.54141,0.43097,0.56173,0.42779,0.57032,0.42105,0.57964,0.40542,0.58743,0.4003,0.59653,0.37876,0.60385,0.3637,0.61148,0.35675,0.62121,0.35298,0.63473
0.45351,0.50492,0.44799,0.52282,0.44002,0.54141,0.43097,0.56173,0.42779,0.57032,0.42105,0.57964,0.40542,0.58743,0.4003,0.59653,0.37876,0.60385,0.3637,0.61148,0.35675,0.62121,0.35298,0.63473,0.35159,0.64222,0.3393,0.64837,0.31695,0.64782
0.43097,0.56173,0.42779,0.57032,0.42105,0.57964,0.40542,0.58743,0.4003,0.59653,0.37876,0.60385,0.3637,0.61148,0.35675,0.62121,0.35298,0.63473,0.35159,0.64222,0.3393,0.64837,0.31695,0.64782,0.31328,0.65061,0.29369,0.65225,0.27489,0.64296
0.17665,0.53747,0.20209,0.54515,0.22097,0.55795,0.23408,0.60335,0.25282,0.59759,0.32256,0.57808,0.33844,0.58593,0.34013,0.59865,0.36188,0.60779,0.41197,0.61607,0.44296,0.6226,0.44956,0.62663,0.4918,0.63379,0.50353,0.64087,0.50504,0.64988
0.23408,0.60335,0.25282,0.59759,0.32256,0.57808,0.33844,0.58593,0.34013,0.59865,0.36188,0.60779,0.41197,0.61607,0.44296,0.6226,0.44956,0.62663,0.4918,0.63379,0.50353,0.64087,0.50504,0.64988,0.50666,0.65886,0.50779,0.66246,0.50783,0.6722
0.33844,0.58593,0.34013,0.59865,0.36188,0.60779,0.41197,0.61607,0.44296,0.6226,0.44956,0.62663,0.4918,0.63379,0.50353,0.64087,0.50504,0.64988,0.50666,0.65886,0.50779,0.66246,0.50783,0.6722,0.50885,0.6805,0.51081,0.68915,0.51958,0.69775
0.41197,0.61607,0.44296,0.6226,0.44956,0.62663,0.4918,0.63379,0.50353,0.64087,0.50504,0.64988,0.50666,0.65886,0.50779,0.66246,0.50783,0.6722,0.50885,0.6805,0.51081,0.68915,0.51958,0.69775,0.52432,0.70515,0.52567,0.70523,0.52011,0.70382
0.4918,0.63379,0.50353,0.64087,0.50504,0.64988,0.50666,0.65886,0.50779,0.66246,0.50783,0.6722,0.50885,0.6805,0.51081,0.68915,0.51958,0.69775,0.52432,0.70515,0.52567,0.70523,0.52011,0.70382,0.52037,0.70003,0.51344,0.69772,0.5086,0.68893
0.50666,0.65886,0.50779,0.66246,0.50783,0.6722,0.50885,0.6805,0.51081,0.68915,0.51958,0.69775,0.52432,0.70515,0.52567,0.70523,0.52011,0.70382,0.52037,0.70003,0.51344,0.69772,0.5086,0.68893,0.50412,0.68219,0.50278,0.67872,0.50038,0.67316
0.50885,0.6805,0.51081,0.68915,0.51958,0.69775,0.52432,0.70515,0.52567,0.70523,0.52011,0.70382,0.52037,0.70003,0.51344,0.69772,0.5086,0.68893,0.50412,0.68219,0.50278,0.67872,0.50038,0.67316,0.49349,0.66264,0.48945,0.65385,0.48941,0.64724
0.52432,0.70515,0.52567,0.70523,0.52011,0.70382,0.52037,0.70003,0.51344,0.69772,0.5086,0.68893,0.50412,0.68219,0.50278,0.67872,0.50038,0.67316,0.49349,0.66264,0.48945,0.65385,0.48941,0.64724,0.49927,0.63589,0.51066,0.62081,0.51794,0.60899
0.52037,0.70003,0.51344,0.69772,0.5086,0.68893,0.50412,0.68219,0.50278,0.67872,0.50038,0.67316,0.49349,0.66264,0.48945,0.65385,0.48941,0.64724,0.49927,0.63589,0.51066,0.62081,0.51794,0.60899,0.52421,0.59955,0.52187,0.58787,0.51529,0.56965
0.50412,0.68219,0.50278,0.67872,0.50038,0.67316,0.49349,0.66264,0.48945,0.65385,0.48941,0.64724,0.49927,0.63589,0.51066,0.62081,0.51794,0.60899,0.52421,0.59955,0.52187,0.58787,0.51529,0.56965,0.51201,0.54929,0.51742,0.53145,0.52077,0.51494
0.49349,0.66264,0.48945,0.65385,0.48941,0.64724,0.49927,0.63589,0.51066,0.62081,0.51794,0.60899,0.52421,0.59955,0.52187,0.58787,0.51529,0.56965,0.51201,0.54929,0.51742,0.53145,0.52077,0.51494,0.54528,0.49685,0.56912,0.4982,0.58304,0.49581
0.49927,0.63589,0.51066,0.62081,0.51794,0.60899,0.52421,0.59955,0.52187,0.58787,0.51529,0.56965,0.51201,0.54929,0.51742,0.53145,0.52077,0.51494,0.54528,0.49685,0.56912,0.4982,0.58304,0.49581,0.56586,0.49584,0.55212,0.50014,0.61246,0.49908
0.52421,0.59955,0.52187,0.58787,0.51529,0.56965,0.51201,0.54929,0.51742,0.53145,0.52077,0.51494,0.54528,0.49685,0.56912,0.4982,0.58304,0.49581,0.56586,0.49584,0.55212,0.50014,0.61246,0.49908,0.72496,0.49891,0.70111,0.4986,0.72163,0.49873
0.28325,0.58036,0.34908,0.59011,0.38856,0.5942,0.40524,0.59254,0.45585,0.59169,0.49986,0.59319,0.50488,0.59397,0.53745,0.59509,0.55054,0.58841,0.55194,0.57796,0.55865,0.56927,0.56066,0.5557,0.55257,0.53911,0.53895,0.51746,0.51184,0.5
0.40524,0.59254,0.45585,0.59169,0.49986,0.59319,0.50488,0.59397,0.53745,0.59509,0.55054,0.58841,0.55194,0.57796,0.55865,0.56927,0.56066,0.5557,0.55257,0.53911,0.53895,0.51746,0.51184,0.5,0.51369,0.49879,0.43957,0.50027,0.47227,0.49952
0.61033,0.55316,0.61227,0.54939,0.60953,0.54938,0.60822,0.54903,0.60896,0.54948,0.60855,0.5511,0.60933,0.54929,0.61647,0.54935,0.62176,0.55104,0.62675,0.55014,0.63283,0.55086,0.63309,0.55024,0.64602,0.55053,0.65431,0.56387,0.65415,0.57425
0.60822,0.54903,0.60896,0.54948,0.60855,0.5511,0.60933,0.54929,0.61647,0.54935,0.62176,0.55104,0.62675,0.55014,0.63283,0.55086,0.63309,0.55024,0.64602,0.55053,0.65431,0.56387,0.65415,0.57425,0.65169,0.58138,0.6452,0.57528,0.64039,0.56943
0.60933,0.54929,0.61647,0.54935,0.62176,0.55104,0.62675,0.55014,0.63283,0.55086,0.63309,0.55024,0.64602,0.55053,0.65431,0.56387,0.65415,0.57425,0.65169,0.58138,0.6452,0.57528,0.64039,0.56943,0.6315,0.56462,0.62755,0.56961,0.62633,0.56703
0.62675,0.55014,0.63283,0.55086,0.63309,0.55024,0.64602,0.55053,0.65431,0.56387,0.65415,0.57425,0.65169,0.58138,0.6452,0.57528,0.64039,0.56943,0.6315,0.56462,0.62755,0.56961,0.62633,0.56703,0.63678,0.55675,0.64654,0.54841,0.66326,0.53764
0.64602,0.55053,0.65431,0.56387,0.65415,0.57425,0.65169,0.58138,0.6452,0.57528,0.64039,0.56943,0.6315,0.56462,0.62755,0.56961,0.62633,0.56703,0.63678,0.55675,0.64654,0.54841,0.66326,0.53764,0.67826,0.52874,0.67694,0.51823,0.66131,0.50145
0.65169,0.58138,0.6452,0.57528,0.64039,0.56943,0.6315,0.56462,0.62755,0.56961,0.62633,0.56703,0.63678,0.55675,0.64654,0.54841,0.66326,0.53764,0.67826,0.52874,0.67694,0.51823,0.66131,0.50145,0.64802,0.49976,0.6448,0.4989,0.6556,0.49895
0.6315,0.56462,0.62755,0.56961,0.62633,0.56703,0.63678,0.55675,0.64654,0.54841,0.66326,0.53764,0.67826,0.52874,0.67694,0.51823,0.66131,0.50145,0.64802,0.49976,0.6448,0.4989,0.6556,0.49895,0.67705,0.49938,0.72099,0.49843,0.76136,0.49916
0.63678,0.55675,0.64654,0.54841,0.66326,0.53764,0.67826,0.52874,0.67694,0.51823,0.66131,0.50145,0.64802,0.49976,0.6448,0.4989,0.6556,0.49895,0.67705,0.49938,0.72099,0.49843,0.76136,0.49916,0.80574,0.49812,0.82858,0.49939,0.8381,0.50042
0.77078,0.54104,0.72388,0.5,0.67456,0.50091,0.65221,0.50019,0.64272,0.50355,0.6407,0.51854,0.63887,0.53052,0.63096,0.53371,0.62017,0.54721,0.61058,0.55378,0.60831,0.55881,0.59749,0.56576,0.59012,0.56487,0.59169,0.5746,0.59561,0.58145
0.65221,0.50019,0.64272,0.50355,0.6407,0.51854,0.63887,0.53052,0.63096,0.53371,0.62017,0.54721,0.61058,0.55378,0.60831,0.55881,0.59749,0.56576,0.59012,0.56487,0.59169,0.5746,0.59561,0.58145,0.60089,0.57126,0.60223,0.56262,0.60691,0.55836
0.63887,0.53052,0.63096,0.53371,0.62017,0.54721,0.61058,0.55378,0.60831,0.55881,0.59749,0.56576,0.59012,0.56487,0.59169,0.5746,0.59561,0.58145,0.60089,0.57126,0.60223,0.56262,0.60691,0.55836,0.60456,0.55853,0.60587,0.55874,0.60439,0.56021
0.61058,0.55378,0.60831,0.55881,0.59749,0.56576,0.59012,0.56487,0.59169,0.5746,0.59561,0.58145,0.60089,0.57126,0.60223,0.56262,0.60691,0.55836,0.60456,0.55853,0.60587,0.55874,0.60439,0.56021,0.59927,0.56079,0.5989,0.55474,0.59667,0.54993
0.59012,0.56487,0.59169,0.5746,0.59561,0.58145,0.60089,0.57126,0.60223,0.56262,0.60691,0.55836,0.60456,0.55853,0.60587,0.55874,0.60439,0.56021,0.59927,0.56079,0.5989,0.55474,0.59667,0.54993,0.5926,0.54972,0.60043,0.5464,0.59614,0.54663
0.60089,0.57126,0.60223,0.56262,0.60691,0.55836,0.60456,0.55853,0.60587,0.55874,0.60439,0.56021,0.59927,0.56079,0.5989,0.55474,0.59667,0.54993,0.5926,0.54972,0.60043,0.5464,0.59614,0.54663,0.62734,0.54854,0.62867,0.55204,0.62656,0.55526
0.60456,0.55853,0.60587,0.55874,0.60439,0.56021,0.59927,0.56079,0.5989,0.55474,0.59667,0.54993,0.5926,0.54972,0.60043,0.5464,0.59614,0.54663,0.62734,0.54854,0.62867,0.55204,0.62656,0.55526,0.63782,0.55181,0.65664,0.55193,0.65784,0.55591
0.59927,0.56079,0.5989,0.55474,0.59667,0.54993,0.5926,0.54972,0.60043,0.5464,0.59614,0.54663,0.62734,0.54854,0.62867,0.55204,0.62656,0.55526,0.63782,0.55181,0.65664,0.55193,0.65784,0.55591,0.656,0.55869,0.65534,0.55936,0.65319,0.55565
0.5926,0.54972,0.60043,0.5464,0.59614,0.54663,0.62734,0.54854,0.62867,0.55204,0.62656,0.55526,0.63782,0.55181,0.65664,0.55193,0.65784,0.55591,0.656,0.55869,0.65534,0.55936,0.65319,0.55565,0.65057,0.5453,0.65572,0.54511,0.66268,0.54535
0.62734,0.54854,0.62867,0.55204,0.62656,0.55526,0.63782,0.55181,0.65664,0.55193,0.65784,0.55591,0.656,0.55869,0.65534,0.55936,0.65319,0.55565,0.65057,0.5453,0.65572,0.54511,0.66268,0.54535,0.66359,0.54327,0.66265,0.5437,0.66788,0.547
0.64869,0.56597,0.65726,0.56364,0.65777,0.56227,0.65634,0.56246,0.65794,0.56321,0.65808,0.56435,0.65488,0.56244,0.65632,0.56697,0.66057,0.56794,0.66574,0.55565,0.67448,0.53764,0.67567,0.53215,0.65956,0.55367,0.65139,0.56094,0.66143,0.55285
0.65634,0.56246,0.65794,0.56321,0.65808,0.56435,0.65488,0.56244,0.65632,0.56697,0.66057,0.56794,0.66574,0.55565,0.67448,0.53764,0.67567,0.53215,0.65956,0.55367,0.65139,0.56094,0.66143,0.55285,0.64442,0.55097,0.6425,0.56434,0.65814,0.57392
0.65488,0.56244,0.65632,0.56697,0.66057,0.56794,0.66574,0.55565,0.67448,0.53764,0.67567,0.53215,0.65956,0.55367,0.65139,0.56094,0.66143,0.55285,0.64442,0.55097,0.6425,0.56434,0.65814,0.57392,0.67075,0.57109,0.68505,0.56511,0.69359,0.56423
0.66574,0.55565,0.67448,0.53764,0.67567,0.53215,0.65956,0.55367,0.65139,0.56094,0.66143,0.55285,0.64442,0.55097,0.6425,0.56434,0.65814,0.57392,0.67075,0.57109,0.68505,0.56511,0.69359,0.56423,0.70498,0.56608,0.7029,0.56955,0.69594,0.57149
0.65956,0.55367,0.65139,0.56094,0.66143,0.55285,0.64442,0.55097,0.6425,0.56434,0.65814,0.57392,0.67075,0.57109,0.68505,0.56511,0.69359,0.56423,0.70498,0.56608,0.7029,0.56955,0.69594,0.57149,0.70117,0.57183,0.70028,0.57237,0.69685,0.57249
0.64442,0.55097,0.6425,0.56434,0.65814,0.57392,0.67075,0.57109,0.68505,0.56511,0.69359,0.56423,0.70498,0.56608,0.7029,0.56955,0.69594,0.57149,0.70117,0.57183,0.70028,0.57237,0.69685,0.57249,0.6931,0.57785,0.68933,0.58609,0.69208,0.57765
0.67075,0.57109,0.68505,0.56511,0.69359,0.56423,0.70498,0.56608,0.7029,0.56955,0.69594,0.57149,0.70117,0.57183,0.70028,0.57237,0.69685,0.57249,0.6931,0.57785,0.68933,0.58609,0.69208,0.57765,0.68805,0.57657,0.67829,0.57669,0.67085,0.57855
0.70498,0.56608,0.7029,0.56955,0.69594,0.57149,0.70117,0.57183,0.70028,0.57237,0.69685,0.57249,0.6931,0.57785,0.68933,0.58609,0.69208,0.57765,0.68805,0.57657,0.67829,0.57669,0.67085,0.57855,0.66389,0.57948,0.66229,0.58024,0.65841,0.58139
0.70117,0.57183,0.70028,0.57237,0.69685,0.57249,0.6931,0.57785,0.68933,0.58609,0.69208,0.57765,0.68805,0.57657,0.67829,0.57669,0.67085,0.57855,0.66389,0.57948,0.66229,0.58024,0.65841,0.58139,0.65696,0.58092,0.65619,0.58148,0.65646,0.57968
0.6931,0.57785,0.68933,0.58609,0.69208,0.57765,0.68805,0.57657,0.67829,0.57669,0.67085,0.57855,0.66389,0.57948,0.66229,0.58024,0.65841,0.58139,0.65696,0.58092,0.65619,0.58148,0.65646,0.57968,0.65609,0.57868,0.65546,0.57916,0.65201,0.57803
0.68805,0.57657,0.67829,0.57669,0.67085,0.57855,0.66389,0.57948,0.66229,0.58024,0.65841,0.58139,0.65696,0.58092,0.65619,0.58148,0.65646,0.57968,0.65609,0.57868,0.65546,0.57916,0.65201,0.57803,0.63442,0.57471,0.63402,0.56522,0.63066,0.55362
0.66389,0.57948,0.66229,0.58024,0.65841,0.58139,0.65696,0.58092,0.65619,0.58148,0.65646,0.57968,0.65609,0.57868,0.65546,0.57916,0.65201,0.57803,0.63442,0.57471,0.63402,0.56522,0.63066,0.55362,0.61363,0.54422,0.59396,0.53459,0.56814,0.53171
0.65696,0.58092,0.65619,0.58148,0.65646,0.57968,0.65609,0.57868,0.65546,0.57916,0.65201,0.57803,0.63442,0.57471,0.63402,0.56522,0.63066,0.55362,0.61363,0.54422,0.59396,0.53459,0.56814,0.53171,0.51287,0.51051,0.44549,0.50204,0.39679,0.50062
0.65609,0.57868,0.65546,0.57916,0.65201,0.57803,0.63442,0.57471,0.63402,0.56522,0.63066,0.55362,0.61363,0.54422,0.59396,0.53459,0.56814,0.53171,0.51287,0.51051,0.44549,0.50204,0.39679,0.50062,0.37502,0.50094,0.3823,0.50121,0.31398,0.49958
0.07533,0.63823,0.07501,0.64253,0.07608,0.63482,0.07623,0.63316,0.07223,0.63104,0.06624,0.57881,0.06653,0.57073,0.06877,0.5664,0.07285,0.56157,0.07302,0.55245,0.07441,0.54596,0.07634,0.52941,0.08876,0.52547,0.10494,0.51285,0.12525,0.51071
0.07623,0.63316,0.07223,0.63104,0.06624,0.57881,0.06653,0.57073,0.06877,0.5664,0.07285,0.56157,0.07302,0.55245,0.07441,0.54596,0.07634,0.52941,0.08876,0.52547,0.10494,0.51285,0.12525,0.51071,0.15716,0.50248,0.16998,0.50681,0.22569,0.5011
0.06653,0.57073,0.06877,0.5664,0.07285,0.56157,0.07302,0.55245,0.07441,0.54596,0.07634,0.52941,0.08876,0.52547,0.10494,0.51285,0.12525,0.51071,0.15716,0.50248,0.16998,0.50681,0.22569,0.5011,0.28229,0.49989,0.29078,0.50168,0.31244,0.5
0.30144,0.4993,0.25659,0.50052,0.21551,0.51015,0.18201,0.50356,0.16801,0.50063,0.16155,0.50431,0.14899,0.52308,0.14264,0.53147,0.13443,0.54224,0.12027,0.54908,0.10322,0.58027,0.08511,0.59344,0.05792,0.59803,0.05649,0.606,0.05773,0.61114
0.05028,0.54941,0.0505,0.56445,0.05355,0.5631,0.05596,0.56575,0.05412,0.56304,0.05412,0.55517,0.06053,0.54046,0.0772,0.51975,0.09412,0.53118,0.1037,0.52055,0.11866,0.51472,0.16526,0.50227,0.18954,0.5012,0.18534,0.50303,0.19487,0.50062
0.29539,0.5178,0.28059,0.50161,0.26177,0.49803,0.24583,0.4993,0.22098,0.50566,0.18762,0.50838,0.16658,0.51261,0.15418,0.51885,0.14562,0.52392,0.14465,0.53075,0.14048,0.53379,0.13532,0.55024,0.13017,0.55551,0.12484,0.55831,0.12157,0.56036
0.24583,0.4993,0.22098,0.50566,0.18762,0.50838,0.16658,0.51261,0.15418,0.51885,0.14562,0.52392,0.14465,0.53075,0.14048,0.53379,0.13532,0.55024,0.13017,0.55551,0.12484,0.55831,0.12157,0.56036,0.11764,0.56617,0.11593,0.56849,0.11059,0.5714
0.16658,0.51261,0.15418,0.51885,0.14562,0.52392,0.14465,0.53075,0.14048,0.53379,0.13532,0.55024,0.13017,0.55551,0.12484,0.55831,0.12157,0.56036,0.11764,0.56617,0.11593,0.56849,0.11059,0.5714,0.10117,0.57323,0.0889,0.57202,0.08418,0.57377
0.14465,0.53075,0.14048,0.53379,0.13532,0.55024,0.13017,0.55551,0.12484,0.55831,0.12157,0.56036,0.11764,0.56617,0.11593,0.56849,0.11059,0.5714,0.10117,0.57323,0.0889,0.57202,0.08418,0.57377,0.08043,0.57003,0.07361,0.56608,0.07845,0.56248
0.13017,0.55551,0.12484,0.55831,0.12157,0.56036,0.11764,0.56617,0.11593,0.56849,0.11059,0.5714,0.10117,0.57323,0.0889,0.57202,0.08418,0.57377,0.08043,0.57003,0.07361,0.56608,0.07845,0.56248,0.08743,0.56402,0.09522,0.55881,0.09816,0.55187
0.11764,0.56617,0.11593,0.56849,0.11059,0.5714,0.10117,0.57323,0.0889,0.57202,0.08418,0.57377,0.08043,0.57003,0.07361,0.56608,0.07845,0.56248,0.08743,0.56402,0.09522,0.55881,0.09816,0.55187,0.09698,0.55096,0.10327,0.55128,0.11098,0.54879
0.10117,0.57323,0.0889,0.57202,0.08418,0.57377,0.08043,0.57003,0.07361,0.56608,0.07845,0.56248,0.08743,0.56402,0.09522,0.55881,0.09816,0.55187,0.09698,0.55096,0.10327,0.55128,0.11098,0.54879,0.13121,0.54894,0.14566,0.54994,0.16611,0.54908
0.08043,0.57003,0.07361,0.56608,0.07845,0.56248,0.08743,0.56402,0.09522,0.55881,0.09816,0.55187,0.09698,0.55096,0.10327,0.55128,0.11098,0.54879,0.13121,0.54894,0.14566,0.54994,0.16611,0.54908,0.16393,0.54712,0.18666,0.53978,0.2234,0.53271
0.08743,0.56402,0.09522,0.55881,0.09816,0.55187,0.09698,0.55096,0.10327,0.55128,0.11098,0.54879,0.13121,0.54894,0.14566,0.54994,0.16611,0.54908,0.16393,0.54712,0.18666,0.53978,0.2234,0.53271,0.24093,0.53274,0.24699,0.53313,0.26929,0.51407
0.09698,0.55096,0.10327,0.55128,0.11098,0.54879,0.13121,0.54894,0.14566,0.54994,0.16611,0.54908,0.16393,0.54712,0.18666,0.53978,0.2234,0.53271,0.24093,0.53274,0.24699,0.53313,0.26929,0.51407,0.30353,0.50384,0.32813,0.50272,0.36008,0.49918
0.13121,0.54894,0.14566,0.54994,0.16611,0.54908,0.16393,0.54712,0.18666,0.53978,0.2234,0.53271,0.24093,0.53274,0.24699,0.53313,0.26929,0.51407,0.30353,0.50384,0.32813,0.50272,0.36008,0.49918,0.40054,0.5007,0.42488,0.5,0.4667,0.50101
0.16393,0.54712,0.18666,0.53978,0.2234,0.53271,0.24093,0.53274,0.24699,0.53313,0.26929,0.51407,0.30353,0.50384,0.32813,0.50272,0.36008,0.49918,0.40054,0.5007,0.42488,0.5,0.4667,0.50101,0.51456,0.50056,0.53384,0.5,0.52322,0.5
0.24093,0.53274,0.24699,0.53313,0.26929,0.51407,0.30353,0.50384,0.32813,0.50272,0.36008,0.49918,0.40054,0.5007,0.42488,0.5,0.4667,0.50101,0.51456,0.50056,0.53384,0.5,0.52322,0.5,0.53598,0.50119,0.54959,0.5,0.55808,0.5
0.30353,0.50384,0.32813,0.50272,0.36008,0.49918,0.40054,0.5007,0.42488,0.5,0.4667,0.50101,0.51456,0.50056,0.53384,0.5,0.52322,0.5,0.53598,0.50119,0.54959,0.5,0.55808,0.5,0.5693,0.4995,0.61128,0.49915,0.62203,0.49804
0.40054,0.5007,0.42488,0.5,0.4667,0.50101,0.51456,0.50056,0.53384,0.5,0.52322,0.5,0.53598,0.50119,0.54959,0.5,0.55808,0.5,0.5693,0.4995,0.61128,0.49915,0.62203,0.49804,0.65774,0.499,0.70114,0.49934,0.76275,0.50066
0.51456,0.50056,0.53384,0.5,0.52322,0.5,0.53598,0.50119,0.54959,0.5,0.55808,0.5,0.5693,0.4995,0.61128,0.49915,0.62203,0.49804,0.65774,0.499,0.70114,0.49934,0.76275,0.50066,0.76946,0.49945,0.76208,0.49902,0.7842,0.49906
0.62325,0.49999,0.59705,0.49865,0.5657,0.50023,0.52821,0.49832,0.48327,0.49882,0.43725,0.50209,0.40948,0.50001,0.39273,0.49918,0.38485,0.49998,0.38368,0.50193,0.38139,0.50782,0.36778,0.51934,0.35266,0.5253,0.33309,0.53048,0.31227,0.53176
0.52821,0.49832,0.48327,0.49882,0.43725,0.50209,0.40948,0.50001,0.39273,0.49918,0.38485,0.49998,0.38368,0.50193,0.38139,0.50782,0.36778,0.51934,0.35266,0.5253,0.33309,0.53048,0.31227,0.53176,0.28538,0.53321,0.26952,0.53167,0.21846,0.53311
0.40948,0.50001,0.39273,0.49918,0.38485,0.49998,0.38368,0.50193,0.38139,0.50782,0.36778,0.51934,0.35266,0.5253,0.33309,0.53048,0.31227,0.53176,0.28538,0.53321,0.26952,0.53167,0.21846,0.53311,0.18963,0.5304,0.18041,0.52994,0.17574,0.54056
0.38368,0.50193,0.38139,0.50782,0.36778,0.51934,0.35266,0.5253,0.33309,0.53048,0.31227,0.53176,0.28538,0.53321,0.26952,0.53167,0.21846,0.53311,0.18963,0.5304,0.18041,0.52994,0.17574,0.54056,0.17565,0.54544,0.17677,0.54941,0.16309,0.55071
0.35266,0.5253,0.33309,0.53048,0.31227,0.53176,0.28538,0.53321,0.26952,0.53167,0.21846,0.53311,0.18963,0.5304,0.18041,0.52994,0.17574,0.54056,0.17565,0.54544,0.17677,0.54941,0.16309,0.55071,0.14081,0.55619,0.11962,0.55706,0.11626,0.55972
0.28538,0.53321,0.26952,0.53167,0.21846,0.53311,0.18963,0.5304,0.18041,0.52994,0.17574,0.54056,0.17565,0.54544,0.17677,0.54941,0.16309,0.55071,0.14081,0.55619,0.11962,0.55706,0.11626,0.55972,0.1184,0.56429,0.11714,0.56642,0.10903,0.56946
0.18963,0.5304,0.18041,0.52994,0.17574,0.54056,0.17565,0.54544,0.17677,0.54941,0.16309,0.55071,0.14081,0.55619,0.11962,0.55706,0.11626,0.55972,0.1184,0.56429,0.11714,0.56642,0.10903,0.56946,0.10306,0.59375,0.07389,0.61155,0.05484,0.61182
0.0533,0.57768,0.06346,0.58386,0.06609,0.57668,0.06746,0.57553,0.07364,0.56882,0.08452,0.56471,0.09058,0.55811,0.1037,0.55293,0.11434,0.55183,0.12027,0.54015,0.14314,0.5372,0.16843,0.5363,0.20551,0.53564,0.23526,0.53462,0.25475,0.5334
0.06746,0.57553,0.07364,0.56882,0.08452,0.56471,0.09058,0.55811,0.1037,0.55293,0.11434,0.55183,0.12027,0.54015,0.14314,0.5372,0.16843,0.5363,0.20551,0.53564,0.23526,0.53462,0.25475,0.5334,0.2907,0.53459,0.34684,0.52897,0.38027,0.53292
0.09058,0.55811,0.1037,0.55293,0.11434,0.55183,0.12027,0.54015,0.14314,0.5372,0.16843,0.5363,0.20551,0.53564,0.23526,0.53462,0.25475,0.5334,0.2907,0.53459,0.34684,0.52897,0.38027,0.53292,0.40667,0.53381,0.44778,0.53271,0.51786,0.53474
0.12027,0.54015,0.14314,0.5372,0.16843,0.5363,0.20551,0.53564,0.23526,0.53462,0.25475,0.5334,0.2907,0.53459,0.34684,0.52897,0.38027,0.53292,0.40667,0.53381,0.44778,0.53271,0.51786,0.53474,0.54546,0.54373,0.55343,0.55543,0.56337,0.56242
0.20551,0.53564,0.23526,0.53462,0.25475,0.5334,0.2907,0.53459,0.34684,0.52897,0.38027,0.53292,0.40667,0.53381,0.44778,0.53271,0.51786,0.53474,0.54546,0.54373,0.55343,0.55543,0.56337,0.56242,0.57022,0.56564,0.58324,0.56953,0.59726,0.57635
0.2907,0.53459,0.34684,0.52897,0.38027,0.53292,0.40667,0.53381,0.44778,0.53271,0.51786,0.53474,0.54546,0.54373,0.55343,0.55543,0.56337,0.56242,0.57022,0.56564,0.58324,0.56953,0.59726,0.57635,0.60715,0.58099,0.61609,0.57023,0.63004,0.55797
0.40667,0.53381,0.44778,0.53271,0.51786,0.53474,0.54546,0.54373,0.55343,0.55543,0.56337,0.56242,0.57022,0.56564,0.58324,0.56953,0.59726,0.57635,0.60715,0.58099,0.61609,0.57023,0.63004,0.55797,0.63908,0.56214,0.64345,0.56462,0.64039,0.55752
0.54546,0.54373,0.55343,0.55543,0.56337,0.56242,0.57022,0.56564,0.58324,0.56953,0.59726,0.57635,0.60715,0.58099,0.61609,0.57023,0.63004,0.55797,0.63908,0.56214,0.64345,0.56462,0.64039,0.55752,0.64725,0.5583,0.65959,0.56474,0.66496,0.56391
0.57022,0.56564,0.58324,0.56953,0.59726,0.57635,0.60715,0.58099,0.61609,0.57023,0.63004,0.55797,0.63908,0.56214,0.64345,0.56462,0.64039,0.55752,0.64725,0.5583,0.65959,0.56474,0.66496,0.56391,0.69792,0.55835,0.72245,0.55678,0.73716,0.55818
0.60715,0.58099,0.61609,0.57023,0.63004,0.55797,0.63908,0.56214,0.64345,0.56462,0.64039,0.55752,0.64725,0.5583,0.65959,0.56474,0.66496,0.56391,0.69792,0.55835,0.72245,0.55678,0.73716,0.55818,0.74684,0.56713,0.75722,0.56997,0.78814,0.56737
0.63908,0.56214,0.64345,0.56462,0.64039,0.55752,0.64725,0.5583,0.65959,0.56474,0.66496,0.56391,0.69792,0.55835,0.72245,0.55678,0.73716,0.55818,0.74684,0.56713,0.75722,0.56997,0.78814,0.56737,0.81176,0.57584,0.82202,0.57306,0.83094,0.56697
0.64725,0.5583,0.65959,0.56474,0.66496,0.56391,0.69792,0.55835,0.72245,0.55678,0.73716,0.55818,0.74684,0.56713,0.75722,0.56997,0.78814,0.56737,0.81176,0.57584,0.82202,0.57306,0.83094,0.56697,0.84796,0.55809,0.85964,0.5511,0.8684,0.54347
0.69792,0.55835,0.72245,0.55678,0.73716,0.55818,0.74684,0.56713,0.75722,0.56997,0.78814,0.56737,0.81176,0.57584,0.82202,0.57306,0.83094,0.56697,0.84796,0.55809,0.85964,0.5511,0.8684,0.54347,0.87809,0.53809,0.88565,0.53495,0.89928,0.52902
0.05459,0.50387,0.06323,0.49934,0.06953,0.50612,0.07348,0.49968,0.07491,0.50173,0.08292,0.49952,0.09967,0.50193,0.12379,0.5,0.15393,0.50059,0.18487,0.49967,0.20103,0.5,0.2368,0.50517,0.25873,0.49522,0.2981,0.50029,0.36167,0.50064
0.07348,0.49968,0.07491,0.50173,0.08292,0.49952,0.09967,0.50193,0.12379,0.5,0.15393,0.50059,0.18487,0.49967,0.20103,0.5,0.2368,0.50517,0.25873,0.49522,0.2981,0.50029,0.36167,0.50064,0.41698,0.5,0.45225,0.5,0.47804,0.5
0.09967,0.50193,0.12379,0.5,0.15393,0.50059,0.18487,0.49967,0.20103,0.5,0.2368,0.50517,0.25873,0.49522,0.2981,0.50029,0.36167,0.50064,0.41698,0.5,0.45225,0.5,0.47804,0.5,0.50116,0.49961,0.54007,0.49985,0.5826,0.5
0.06283,0.51327,0.06605,0.5057,0.07363,0.50306,0.09589,0.49989,0.13251,0.50211,0.16345,0.50811,0.17994,0.52565,0.20468,0.52448,0.22014,0.52378,0.24452,0.53022,0.26624,0.52202,0.29849,0.50948,0.3386,0.50842,0.36433,0.50291,0.39074,0.502
0.09589,0.49989,0.13251,0.50211,0.16345,0.50811,0.17994,0.52565,0.20468,0.52448,0.22014,0.52378,0.24452,0.53022,0.26624,0.52202,0.29849,0.50948,0.3386,0.50842,0.36433,0.50291,0.39074,0.502,0.41883,0.50547,0.45462,0.50527,0.50641,0.51245
0.17994,0.52565,0.20468,0.52448,0.22014,0.52378,0.24452,0.53022,0.26624,0.52202,0.29849,0.50948,0.3386,0.50842,0.36433,0.50291,0.39074,0.502,0.41883,0.50547,0.45462,0.50527,0.50641,0.51245,0.5332,0.51223,0.55196,0.51036,0.55247,0.51058
0.24452,0.53022,0.26624,0.52202,0.29849,0.50948,0.3386,0.50842,0.36433,0.50291,0.39074,0.502,0.41883,0.50547,0.45462,0.50527,0.50641,0.51245,0.5332,0.51223,0.55196,0.51036,0.55247,0.51058,0.59809,0.5213,0.62342,0.52002,0.67646,0.52387
0.3386,0.50842,0.36433,0.50291,0.39074,0.502,0.41883,0.50547,0.45462,0.50527,0.50641,0.51245,0.5332,0.51223,0.55196,0.51036,0.55247,0.51058,0.59809,0.5213,0.62342,0.52002,0.67646,0.52387,0.68848,0.52607,0.72343,0.52827,0.72502,0.5352
0.41883,0.50547,0.45462,0.50527,0.50641,0.51245,0.5332,0.51223,0.55196,0.51036,0.55247,0.51058,0.59809,0.5213,0.62342,0.52002,0.67646,0.52387,0.68848,0.52607,0.72343,0.52827,0.72502,0.5352,0.71763,0.54417,0.70342,0.55278,0.70409,0.55502
0.5332,0.51223,0.55196,0.51036,0.55247,0.51058,0.59809,0.5213,0.62342,0.52002,0.67646,0.52387,0.68848,0.52607,0.72343,0.52827,0.72502,0.5352,0.71763,0.54417,0.70342,0.55278,0.70409,0.55502,0.72618,0.55654,0.73805,0.55361,0.7285,0.54894
0.59809,0.5213,0.62342,0.52002,0.67646,0.52387,0.68848,0.52607,0.72343,0.52827,0.72502,0.5352,0.71763,0.54417,0.70342,0.55278,0.70409,0.55502,0.72618,0.55654,0.73805,0.55361,0.7285,0.54894,0.70912,0.54345,0.71084,0.53211,0.70772,0.53128
0.68848,0.52607,0.72343,0.52827,0.72502,0.5352,0.71763,0.54417,0.70342,0.55278,0.70409,0.55502,0.72618,0.55654,0.73805,0.55361,0.7285,0.54894,0.70912,0.54345,0.71084,0.53211,0.70772,0.53128,0.67174,0.51963,0.6696,0.51727,0.71697,0.50696
0.71763,0.54417,0.70342,0.55278,0.70409,0.55502,0.72618,0.55654,0.73805,0.55361,0.7285,0.54894,0.70912,0.54345,0.71084,0.53211,0.70772,0.53128,0.67174,0.51963,0.6696,0.51727,0.71697,0.50696,0.76783,0.5078,0.8142,0.5,0.85756,0.49996
0.72618,0.55654,0.73805,0.55361,0.7285,0.54894,0.70912,0.54345,0.71084,0.53211,0.70772,0.53128,0.67174,0.51963,0.6696,0.51727,0.71697,0.50696,0.76783,0.5078,0.8142,0.5,0.85756,0.49996,0.86134,0.50019,0.84283,0.50187,0.82549,0.49842
0.70912,0.54345,0.71084,0.53211,0.70772,0.53128,0.67174,0.51963,0.6696,0.51727,0.71697,0.50696,0.76783,0.5078,0.8142,0.5,0.85756,0.49996,0.86134,0.50019,0.84283,0.50187,0.82549,0.49842,0.87299,0.49861,0.90309,0.49742,0.91736,0.49801
0.05212,0.55932,0.04707,0.56907,0.0508,0.57549,0.05564,0.56343,0.05625,0.56401,0.05327,0.56571,0.06218,0.55747,0.06483,0.55046,0.07425,0.53841,0.07788,0.52715,0.08705,0.51236,0.1092,0.51241,0.13452,0.50761,0.15881,0.50473,0.17582,0.50322
0.05564,0.56343,0.05625,0.56401,0.05327,0.56571,0.06218,0.55747,0.06483,0.55046,0.07425,0.53841,0.07788,0.52715,0.08705,0.51236,0.1092,0.51241,0.13452,0.50761,0.15881,0.50473,0.17582,0.50322,0.19476,0.50037,0.21515,0.50192,0.27656,0.50078
0.06218,0.55747,0.06483,0.55046,0.07425,0.53841,0.07788,0.52715,0.08705,0.51236,0.1092,0.51241,0.13452,0.50761,0.15881,0.50473,0.17582,0.50322,0.19476,0.50037,0.21515,0.50192,0.27656,0.50078,0.30977,0.50018,0.33825,0.50092,0.3378,0.49965
0.07788,0.52715,0.08705,0.51236,0.1092,0.51241,0.13452,0.50761,0.15881,0.50473,0.17582,0.50322,0.19476,0.50037,0.21515,0.50192,0.27656,0.50078,0.30977,0.50018,0.33825,0.50092,0.3378,0.49965,0.33989,0.49973,0.37351,0.49979,0.40001,0.49855
0.13452,0.50761,0.15881,0.50473,0.17582,0.50322,0.19476,0.50037,0.21515,0.50192,0.27656,0.50078,0.30977,0.50018,0.33825,0.50092,0.3378,0.49965,0.33989,0.49973,0.37351,0.49979,0.40001,0.49855,0.442,0.49815,0.51371,0.5002,0.57619,0.49872
0.19476,0.50037,0.21515,0.50192,0.27656,0.50078,0.30977,0.50018,0.33825,0.50092,0.3378,0.49965,0.33989,0.49973,0.37351,0.49979,0.40001,0.49855,0.442,0.49815,0.51371,0.5002,0.57619,0.49872,0.66703,0.49991,0.73398,0.5011,0.77995,0.4985
0.93209,0.49646,0.90973,0.50013,0.90564,0.50166,0.91126,0.5065,0.89259,0.502,0.88124,0.50202,0.8697,0.50415,0.85052,0.51383,0.8233,0.51525,0.81336,0.51934,0.81567,0.52976,0.814,0.53657,0.81524,0.54356,0.8164,0.54654,0.81472,0.54993
0.91126,0.5065,0.89259,0.502,0.88124,0.50202,0.8697,0.50415,0.85052,0.51383,0.8233,0.51525,0.81336,0.51934,0.81567,0.52976,0.814,0.53657,0.81524,0.54356,0.8164,0.54654,0.81472,0.54993,0.80738,0.54955,0.79576,0.54617,0.77948,0.54315
0.8697,0.50415,0.85052,0.51383,0.8233,0.51525,0.81336,0.51934,0.81567,0.52976,0.814,0.53657,0.81524,0.54356,0.8164,0.54654,0.81472,0.54993,0.80738,0.54955,0.79576,0.54617,0.77948,0.54315,0.76867,0.53383,0.74209,0.52116,0.70687,0.51476
0.81336,0.51934,0.81567,0.52976,0.814,0.53657,0.81524,0.54356,0.8164,0.54654,0.81472,0.54993,0.80738,0.54955,0.79576,0.54617,0.77948,0.54315,0.76867,0.53383,0.74209,0.52116,0.70687,0.51476,0.6619,0.50074,0.61472,0.50073,0.5599,0.5006
0.27709,0.51688,0.28855,0.52284,0.29751,0.52935,0.30591,0.53252,0.31756,0.53497,0.33191,0.53255,0.35589,0.52418,0.37183,0.51195,0.35723,0.51565,0.35362,0.503,0.37993,0.50148,0.39248,0.50213,0.40014,0.5,0.40365,0.49906,0.41878,0.49952
0.30591,0.53252,0.31756,0.53497,0.33191,0.53255,0.35589,0.52418,0.37183,0.51195,0.35723,0.51565,0.35362,0.503,0.37993,0.50148,0.39248,0.50213,0.40014,0.5,0.40365,0.49906,0.41878,0.49952,0.45491,0.4997,0.47101,0.49982,0.41157,0.50055
